,instancia,diversificator,improveMethod1,improveMethod2,RefSetMethod,combinationMethod,subsetGenerationMethod,b_size,d_size,total_cost,optimal_desviation,total_time,improve_method time,scatter loops,improve method calls,found_tour
0,berlin52.tsp,Ilustrative,im_cross,im_cross,Fixed_Diversity,Naive,Simple,6,6,9602,-27.313709891275522,12.631467556988355,12.52559976579505,8,646,"(0, 34, 33, 36, 35, 37, 4, 5, 23, 47, 24, 43, 45, 15, 49, 19, 29, 28, 46, 13, 12, 51, 10, 50, 11, 27, 26, 25, 3, 14, 38, 39, 42, 32, 8, 9, 7, 40, 18, 2, 16, 6, 1, 41, 22, 20, 17, 30, 31, 44, 48, 21)"
1,berlin52.tsp,Ilustrative,lkh,lkh,Fixed_Diversity,Naive,Simple,6,6,7542,0.0,279.5601277379901,279.51556584239006,2,250,"(17, 30, 21, 0, 48, 31, 44, 18, 40, 7, 8, 9, 42, 32, 50, 10, 51, 13, 12, 46, 25, 26, 27, 11, 24, 3, 5, 14, 4, 23, 47, 37, 36, 39, 38, 35, 34, 33, 43, 45, 15, 28, 49, 19, 22, 29, 1, 6, 41, 20, 16, 2)"
2,berlin52.tsp,Ilustrative,im_cross,lkh,Fixed_Diversity,Naive,Simple,6,6,7542,0.0,806.4472798600036,806.3233523220406,10,778,"(31, 44, 18, 40, 7, 8, 9, 42, 32, 50, 10, 51, 13, 12, 46, 25, 26, 27, 11, 24, 3, 5, 14, 4, 23, 47, 37, 36, 39, 38, 35, 34, 33, 43, 45, 15, 28, 49, 19, 22, 29, 1, 6, 41, 20, 16, 2, 17, 30, 21, 0, 48)"
